{
    "release": {
        "id": "acs2017_5yr",
        "name": "ACS 2017 5-year",
        "years": "2013-2017"
    },
    "tables": {
        "B19013": {
            "title": "Median Household Income in the Past 12 Months (In 2017 Inflation-adjusted Dollars)",
            "universe": "Households",
            "denominator_column_id": null,
            "columns": {
                "B19013001": {
                    "name": "Median household income in the past 12 months (in 2017 inflation-adjusted dollars)",
                    "indent": 0
                }
            }
        }
    }
}